<annotation>
	<folder>train_data</folder>
	<filename>12.jpg</filename>
	<path>/Users/anthonydibenedetto/Desktop/DS_CAPSTONE/attempt2/train_data/12.jpg</path>
	<source>
		<database>Unknown</database>
	</source>
	<size>
		<width>512</width>
		<height>512</height>
		<depth>3</depth>
	</size>
	<segmented>0</segmented>
	<object>
		<name>tony</name>
		<pose>Unspecified</pose>
		<truncated>0</truncated>
		<difficult>0</difficult>
		<bndbox>
			<xmin>163</xmin>
			<ymin>85</ymin>
			<xmax>207</xmax>
			<ymax>152</ymax>
		</bndbox>
	</object>
</annotation>
