<annotation>
	<folder>train_data</folder>
	<filename>4.jpg</filename>
	<path>/Users/anthonydibenedetto/Desktop/DS_CAPSTONE/attempt2/train_data/4.jpg</path>
	<source>
		<database>Unknown</database>
	</source>
	<size>
		<width>512</width>
		<height>512</height>
		<depth>3</depth>
	</size>
	<segmented>0</segmented>
	<object>
		<name>tony</name>
		<pose>Unspecified</pose>
		<truncated>0</truncated>
		<difficult>0</difficult>
		<bndbox>
			<xmin>294</xmin>
			<ymin>40</ymin>
			<xmax>352</xmax>
			<ymax>140</ymax>
		</bndbox>
	</object>
</annotation>
