<annotation>
	<folder>train_data</folder>
	<filename>8.jpg</filename>
	<path>/Users/anthonydibenedetto/Desktop/DS_CAPSTONE/attempt2/train_data/8.jpg</path>
	<source>
		<database>Unknown</database>
	</source>
	<size>
		<width>512</width>
		<height>512</height>
		<depth>3</depth>
	</size>
	<segmented>0</segmented>
	<object>
		<name>tony</name>
		<pose>Unspecified</pose>
		<truncated>0</truncated>
		<difficult>0</difficult>
		<bndbox>
			<xmin>319</xmin>
			<ymin>5</ymin>
			<xmax>405</xmax>
			<ymax>182</ymax>
		</bndbox>
	</object>
</annotation>
